{
  "project_info": {
    "project_number": "23075773953",
    "project_id": "pet-fit-673a5",
    "storage_bucket": "pet-fit-673a5.appspot.com"
  },
  "client": [
    {
      "client_info": {
        "mobilesdk_app_id": "1:23075773953:android:59a80de22dc29cb5bfea00",
        "android_client_info": {
          "package_name": "com.example.petfitapplication"
        }
      },
      "oauth_client": [
        {
          "client_id": "23075773953-isuukglrjftm3rmfroj3h502v0hlbuu7.apps.googleusercontent.com",
          "client_type": 3
        }
      ],
      "api_key": [
        {
          "current_key": "AIzaSyArRlB6qGxw54o6aVskHIwNon06_rGOOXY"
        }
      ],
      "services": {
        "appinvite_service": {
          "other_platform_oauth_client": [
            {
              "client_id": "23075773953-isuukglrjftm3rmfroj3h502v0hlbuu7.apps.googleusercontent.com",
              "client_type": 3
            }
          ]
        }
      }
    }
  ],
  "configuration_version": "1"
}